<?xml version="1.0" encoding="UTF-8"?><metadata>
    <idinfo>
        <citation>
            <citeinfo>
                <title>SeeClickFix Requests (2021-Present)</title>
                <onlink>https://services6.arcgis.com/bdPqSfflsdgFRVVM/arcgis/rest/services/SeeClickFix_Requests_2021_Present_AutoUpdate_Test/FeatureServer</onlink>
            </citeinfo>
        </citation>
        <descript>
            <abstract>The SYRCityline requests is a very large dataset This includes requests for city services which have been made by residents through SYRCityline, which utilizes SeeClickFix software. Service requests can be made at:https://seeclickfix.com/syracuseData DictionaryCreated at local - When this complaint or service was requested. (This is also in the format of MM/DD/YYYY - HH:MM(AM/PM)).Address - Address of the service request or complaint, provided by the community member.Summary - String that users select to categorize the nature of their complaint. Can be either Large or Bulk Items, Illegal Setouts, Sewer Back-ups, Weekly Trash Pickup, Large or Bulk Items - Skipped Pickup, Home &amp;amp; Building Maintenance, Sewer-related Concerns, Recyclling, Other Housing &amp;amp; Property Maintenance Concern, Streeth Lights, or Other.Rating - The number of followers on the Request in SeeClickFix.Description - Write up of the service request or complaint, provided by the community member.Agency Name - What type of City Department was this complaint assigned to. These include:Streets, Sidewalks &amp;amp; TransportationGarbage, Recycling &amp;amp; GraffitiHousing &amp;amp; Property MaintenanceFeedback to the CityParking &amp;amp; VehiclesGreen Spaces, Trees &amp;amp; Public UtilitiesWater &amp;amp; SewageAnimalsURL - Unique website address (url) that the complaint as well as comments from the City personnel can be viewed at.Latitude - Latitude GPS coordinate where the address is.Longitude - Longitude GPS coordinate where the address is.Export tagged places - Which quadrant of the city is this address matched to (Northeast, Southeast, Northwest, or Southwest).Acknowledged at local - When this complaint or service request was acknowledged by the City department.Closed at local - When this complaint or service request was marked as being closed by the City department.Minutes to acknowledged - The amount of time, in minutes, after it was Created at Local to being marked Acknowledged at local.Minutes to closed - The amount of time, in minutes, after service request was created at local to when it was marked as Closed at local.Assignee name - Which city Department was assigned to this request.Category - How was this request categorized. This can be Potholes, Large or Bulk Items, Water-related Concerns, Home &amp;amp; Building Maintenance, Street Lights, Weekly Trash Pickup, Public Trash Can, Yard Waste, Report Litter on Private Land, among other categories.SLA Limit - This is the limit assigned by the City of Syracuse, that puts a limit on how a request can stay in the list of tasks untouched. That amount of time, in hours, SeeClickFix will forward the request to the department head as well as an administrator to help ensure that requests are addressed in a timely manner.Report source - How this service request was obtained: Either Web-Mobile, iPhone, Portal, Web-Desktop, Android, or Request Form.Dataset OwnerOrganization: Department of Public Works (DPW)Position: Data Program ManagerCity: Syracuse, NYE-Mail Address:opendata@syrgov.net</abstract>
            <purpose>Resident services requests made with SeeClickFix. - Updated 01/22/2025 03 PM</purpose>
        </descript>
        <spdom>
            <bounding>
                <westbc>-76.2029</westbc>
                <eastbc>-76.0784</eastbc>
                <northbc>43.08389999999999</northbc>
                <southbc>42.9851</southbc>
            </bounding>
        </spdom>
        <keywords>
            <theme>
                <themekt>None</themekt>
                <themekey>SeeClickFix</themekey>
                <themekey>Complaint</themekey>
                <themekey>Request</themekey>
                <themekey>Service</themekey>
                <themekey>SyrCityLine</themekey>
            </theme>
        </keywords>
        <accconst>Other Constraints</accconst>
        <useconst>Terms of Use</useconst>
        <datacred>SeeClickFix</datacred>
    </idinfo>
    <metainfo>
        <metd>20230112</metd>
        <metc>
            <cntinfo>
                <!--no contact person or organization name available-->
            </cntinfo>
        </metc>
        <metstdn>FGDC Content Standard for Digital Geospatial Metadata</metstdn>
        <metstdv>FGDC-STD-001-1998</metstdv>
        <mettc>local time</mettc>
    </metainfo>
</metadata>
