<?xml version="1.0" encoding="UTF-8"?><metadata>
    <idinfo>
        <citation>
            <citeinfo>
                <title>Parking Violations - 2023 - Present</title>
                <onlink>https://services6.arcgis.com/bdPqSfflsdgFRVVM/arcgis/rest/services/Parking_Violations_2023_Present/FeatureServer</onlink>
            </citeinfo>
        </citation>
        <descript>
            <abstract>Dataset of Parking Violations in the City of Syracuse since 2023. If you are interested in viewing older parking violations, those can be viewed HERE.Important note: A lot of the addresses are not mapping right now. For the most complete tallies, please refer to the table view. We will continue to work on this and try to improve the amount of entries that can be mapped successfully.Data Dictionary:LabelDefinitionDefinition Sourceticket_numberThe number of this ticket. This is what is listed on the parking ticket that is received and is the number that tracks this ticket internally.Parking Violations Bureauissued_dateThe date and time that this parking ticket was issued (MM/DD/YYY, HH:MM Format).Parking Violations BureaulocationThe block that this parking ticket was given. This is typically rounded to the 100 block number level.Parking Violations BureaudescriptionThe parking regulation that is alleged to have been violated.Parking Violations BureaustatusThe status of the payment for this parking violations. Can be either Paid in Full, Collections, Adjudication Approved, Promise to Pay, Adjudication Denied, Hearing Appeal Affirmed, Adjudication Partial, Paid in Collections, In Bankruptcy, or Administrative Review PIF.Parking Violations BureauamountThe amount (in dollars) of the fine that was charged.Parking Violations BureauLATThe approximate latitude (not actual) that this parking violation was reported.Parking Violations BureauLONGThe approximate longitude (not actual) that this parking violation was reported.Parking Violations BureauDataset Contact Information:Organization:Parking Violations BureauPosition:Data Program ManagerCity:Syracuse, NYE-Mail Address:opendata@syrgov.net</abstract>
            <purpose>Parking Violations since 2023 With Lat and Long Info. - Updated 12/07/2024 04 AM</purpose>
        </descript>
        <spdom>
            <bounding>
                <westbc>-76.2029</westbc>
                <eastbc>-76.0784</eastbc>
                <northbc>43.08389999999999</northbc>
                <southbc>42.9851</southbc>
            </bounding>
        </spdom>
        <accconst>None</accconst>
        <useconst>Terms of Use</useconst>
        <datacred>Parking Violations Bureau (PVB)</datacred>
    </idinfo>
    <metainfo>
        <metstdn>FGDC Content Standard for Digital Geospatial Metadata</metstdn>
        <metstdv>FGDC-STD-001-1998</metstdv>
        <mettc>local time</mettc>
    </metainfo>
</metadata>
